timestamp,v2,v1,bh_510300
2020-01-02,99945.02648655667,99945.02648655667,100743.70640527079
2020-01-03,99966.02019054485,99966.02019054485,100468.29988147289
2020-01-06,99967.01989073477,99967.01989073477,100027.64944339625
2020-01-07,99968.01959092468,99968.01959092468,100908.95031954953
2020-01-08,99973.01809187424,99973.01809187424,99779.78357197816
2020-01-09,99978.0165928238,99978.0165928238,100991.5722766889
2020-01-10,99994.01179586242,99994.01179586242,100964.03162430911
2020-01-13,99965.02049035495,99965.02049035495,102203.36098139963
2020-01-14,99968.01959092468,99968.01959092468,101707.62923856343
2020-01-15,99973.01809187424,99973.01809187424,100826.32836241016
2020-01-16,99996.01119624224,99996.01119624224,100661.08444813141
2020-01-17,100023.00310136989,100023.00310136989,100798.78771003037
2020-01-20,99976.01719244398,99976.01719244398,101625.00728142406
2020-01-21,99996.01119624224,99996.01119624224,99531.91770056004
2020-01-22,100030.0010026993,100030.0010026993,99917.48683387709
2020-01-23,100115.97521903181,100115.97521903181,96529.98659116296
2020-02-03,99828.61255486835,99872.41569971404,87248.78673917383
2020-02-04,101195.71176625043,101209.02268425688,90305.79915333047
2020-02-05,102145.84065312457,102131.46358852349,91324.8032913827
2020-02-06,103370.89783574532,103317.56261571184,93803.46200556378
2020-02-07,103468.02299702994,103411.38981486481,93555.59613414566
2020-02-10,103751.06406116171,103684.51670564243,93913.62461508294
2020-02-11,103754.18583697206,103687.73004142105,95070.3320150341
2020-02-12,104899.15644199392,104819.72666039024,95841.47028166821
2020-02-13,104421.13353558519,104347.37640681711,95263.11658169264
2020-02-14,104678.82983696196,104602.14773657896,96006.71419594696
2020-02-17,106889.14384371063,106785.88695998825,98402.75095298866
2020-02-18,107250.79366583731,107143.21652204698,97714.23464349392
2020-02-19,106703.74509614657,106602.74298607267,97741.77529587371
2020-02-20,108455.71807232389,108358.98099073404,100247.97466243457
2020-02-21,109236.8803123136,109153.29370632528,100633.54379575163
2020-02-24,110107.95790350379,110028.98651323646,99724.70226721857
2020-02-25,110305.14750632845,110232.14699232172,99504.37704818025
2020-02-26,108404.5958680482,108315.75532983366,98567.9948672674
2020-02-27,108744.08170729576,108652.45498712058,98595.5355196472
2020-02-28,105479.39774146721,105354.90555301444,94794.92549123621
2020-03-02,108375.44417779168,108159.28219309467,98733.23878154614
2020-03-03,109260.98484215424,109006.75676126004,98650.61682440677
2020-03-04,109575.46422467941,109305.7972824452,99449.29574342068
2020-03-05,111042.90608289104,110708.41320434108,102148.27967664006
2020-03-06,110242.51550777402,109945.44514308547,99972.56813863666
2020-03-09,107488.04067409509,107313.10811517692,96364.74267688423
2020-03-10,109055.44464710196,108808.76976914193,98788.32008630571
2020-03-11,107631.12625246067,107447.49258177797,96943.0963768598
2020-03-12,106120.71186339273,106002.9400778501,95208.03527693305
2020-03-13,105360.89549799617,105275.46351111657,93583.13678652546
2020-03-16,101648.66502539226,101728.16805382658,89094.01044861974
2020-03-17,101519.0227155393,101602.78475714903,88185.16892008667
2020-03-18,100359.28149724378,100495.31043378636,86477.64847253972
2020-03-19,100430.19180798036,100560.43718926853,85513.72563924707
2020-03-20,101460.12176716533,101547.23493879742,86835.67695347698
2020-03-23,98751.93088569702,98959.58386733838,83585.8799726618
2020-03-24,100264.66002266611,100406.50572930598,85926.83542494391
2020-03-25,102127.11338614307,102187.93940463196,88543.19740102394
2020-03-26,101979.74126290691,102050.45512360614,87909.76239628879
2020-03-27,101624.48174598003,101710.333559575,88377.9534867452
2020-03-30,100284.71651672584,100428.64797998764,87441.57130583235
2020-03-31,100289.81552481282,100434.2976687164,87524.19326297172
2020-04-01,100060.87526681407,100220.53865816229,87634.35587249088
2020-04-02,101818.63525048175,101847.13767432907,89011.38849148038
2020-04-03,101290.66596532975,101360.93982764504,88295.33152960583
2020-04-07,103516.9234658764,103435.34811092254,90581.20567712838
2020-04-08,103351.84783339164,103276.7613724448,90168.09589143154
2020-04-09,104532.55138895453,104407.92882081412,90471.04306760922
2020-04-10,103326.08070100597,103275.33317926161,90140.55523905174
2020-04-13,102653.33065238598,102657.604891778,89562.20153907615
2020-04-14,104281.83471976094,104176.11082562267,91269.72198662312
2020-04-15,103874.25437374892,103798.85570453909,90663.82763426774
2020-04-16,104700.05958082153,104580.32147015604,90718.90893902733
2020-04-17,104806.66674611568,104665.33243709439,91655.29111994017
2020-04-20,105851.13733003943,105679.70935147455,92095.94155801681
2020-04-21,105044.31907359778,104921.02991702346,90994.31546282522
2020-04-22,105677.2514631607,105519.53193280894,91930.69764373808
2020-04-23,105329.84887936235,105202.15907405868,91737.91307707955
2020-04-24,104141.54035057644,104061.43779933982,90856.61220092628
2020-04-27,104228.73086103014,104161.76779310993,91324.8032913827
2020-04-28,104370.78354065561,104306.87449020034,91985.77894849765
2020-04-29,104320.315229667,104236.81122156339,92536.59199609344
2020-04-30,105600.67828857752,105403.56138634177,94106.40918174146
2020-05-06,106716.75585238692,106475.29151864533,94381.81570553937
2020-05-07,106583.99877121975,106362.77764009115,94189.03113888083
2020-05-08,107643.79781756924,107402.77331366355,95345.73853883201
2020-05-11,107131.50021003744,106915.29025834473,95152.95397217348
2020-05-12,107563.53025010803,107344.86672819074,95125.41331979369
2020-05-13,108425.87427129851,108205.64766454592,95373.2791912118
2020-05-14,107568.18393523307,107374.5881028829,94464.43766267873
2020-05-15,107539.8210378662,107333.14517271647,93941.16526746273
2020-05-18,107636.44382601508,107449.36394008862,94271.6530960202
2020-05-19,108397.28324656657,108180.67542463307,95070.3320150341
2020-05-20,107651.57294835123,107440.68820514268,94629.68157695746
2020-05-21,106957.47605568,106789.26975432239,93913.62461508294
2020-05-22,105143.51850839959,105009.33127443114,91545.12851042101
2020-05-25,105184.1705085548,105065.05960277832,91600.2098151806
2020-05-26,106873.57385379638,106723.36043787334,92867.07982465092
2020-05-27,105865.36616594385,105723.06007637804,92371.3480818147
2020-05-28,105773.40533847765,105621.81974791407,92509.05134371365
2020-05-29,106533.31703489352,106386.47576146136,92949.7017817903
2020-06-01,109180.11757118117,109057.03537805812,95758.84832452884
2020-06-02,108881.16460954053,108750.30078743274,96061.79550070653
2020-06-03,108672.31400318588,108541.4577872691,96034.25484832675
2020-06-04,108905.69600073343,108779.14678847906,96089.33615308632
2020-06-05,109321.64792866237,109203.42127183387,96722.77115782148
2020-06-08,109035.96025454291,108914.59042550554,97246.0435530375
2020-06-09,109745.61418493243,109640.97756512913,97989.6411672918
2020-06-10,110005.70324829729,109917.00931713716,97741.77529587371
2020-06-11,109672.15712116225,109570.54576686259,96722.77115782148
2020-06-12,110187.5420578167,110108.78293909105,96998.17768161937
2020-06-15,110158.80089124764,110076.26586430159,95428.36049597137
2020-06-16,111668.26396564471,111668.63948420614,97135.88094351834
2020-06-17,112000.45006656811,112027.49933856569,97246.0435530375
2020-06-18,111939.62585119809,111940.16621068734,98099.80377681096
2020-06-19,113448.19339318716,113514.66605826681,99531.91770056004
2020-06-22,114204.80230143853,114293.31976784032,99642.0803100792
2020-06-23,115109.55422039969,115250.21526022385,100165.3527052952
2020-06-24,115154.3130051685,115291.03772878398,101156.81619096763
2020-06-29,114700.77210298639,114850.65224993645,100165.3527052952
2020-06-30,116447.07247662262,116676.58820620933,101542.38532428468
2020-07-01,116822.95177860765,117064.81083682216,104131.20664798493
2020-07-02,118608.94455700705,118921.55556556732,106830.19058120431
2020-07-03,121381.61414558705,121868.56551799578,109226.22733824603
2020-07-06,126053.96125826411,126774.05297356189,118232.02066643725
2020-07-07,125999.1870399286,126770.33260970392,116910.06935220736
2020-07-08,128331.8900380941,129260.40966026486,118617.58979975432
2020-07-09,130909.4901460783,132083.4969871902,120655.59807585875
2020-07-10,130476.75361888368,131628.64886133067,118259.56131881704
2020-07-13,133692.62113285373,135096.26108230444,121013.62655679602
2020-07-14,132552.31466573657,133849.2198052359,119829.37850446506
2020-07-15,130744.34072695099,131891.03115818338,118232.02066643725
2020-07-16,125553.00621808096,126276.18850710471,111952.75192384521
2020-07-17,125783.03940062708,126531.35900553354,113302.24389045489
2020-07-20,128219.32216661547,129169.37106493748,116662.20348078923
2020-07-21,128854.11139333449,129862.13367405858,116992.69130934673
2020-07-22,129893.44503123588,130986.57768995123,118452.34588547557
2020-07-23,130316.84977454947,131446.24898334005,117736.28892360105
2020-07-24,125031.2929990821,125727.6586080613,111897.6706190856
2020-07-27,125186.5937389441,125898.85338695705,112668.80888571974
2020-07-28,126041.62522818735,126823.94229764478,113632.73171901239
2020-07-29,129091.22368541396,130118.87207829428,117268.09783314461
2020-07-30,128507.63243488754,129489.74239055382,116304.17499985197
2020-07-31,129870.05732596858,130959.87228428078,117295.63848552441
2020-08-03,132169.10326141948,133443.72501329338,119361.18741400863
2020-08-04,131590.13960479663,132829.70330306553,119471.35002352779
2020-08-05,132112.51319907294,133384.8093653617,119526.43132828736
2020-08-06,132176.33634952994,133461.74230655178,119030.69958545116
2020-08-07,130217.75946616947,131365.2562091248,117708.74827122125
2020-08-10,130615.763428219,131783.0807513154,118149.3987092979
2020-08-11,128646.11780002053,129679.27018489467,116854.98804744778
2020-08-12,127178.41739866087,128122.91860819007,115973.68717129451
2020-08-13,127185.1080280532,128131.40754804139,115560.57738559764
2020-08-14,128708.19374742894,129767.28263051281,118066.77675215852
2020-08-17,130781.2812811428,131992.54067229465,120793.3013377577
2020-08-18,131008.5230773921,132225.7578102664,120600.51677109915
2020-08-19,128840.83811182294,129908.26619482301,118507.42719023515
2020-08-20,127731.16868577054,128717.43406424855,117102.85391886588
2020-08-21,128902.30811403283,129973.30764178748,118232.02066643725
2020-08-24,129709.9861575446,130837.06911573591,119058.24023783096
2020-08-25,129827.74533654758,130958.42553135612,119306.10610924906
2020-08-26,128119.89883510604,129113.00190877581,117681.20761884145
2020-08-27,129278.99289153499,130348.97505862678,118672.6711045139
2020-08-28,131467.88379089965,132691.28552576178,121894.92743294929
2020-08-31,130866.2437118299,132045.72845480044,120710.67938061833
2020-09-01,131559.92095667648,132822.6651478872,121647.06156153117
2020-09-02,131615.8282104177,132895.97353395986,121536.89895201202
2020-09-03,130921.39817544556,132141.55896330703,120986.08590441622
2020-09-04,129949.7582812073,131112.58877190744,119471.35002352779
2020-09-07,127265.32715252652,128244.30035732829,116799.90674268818
2020-09-08,128004.51314305485,129047.70633342821,117460.88239980313
2020-09-09,124931.43406173425,125814.00530550201,114403.86998564648
2020-09-10,123472.48139612185,124281.37779940665,114514.03259516566
2020-09-11,124499.09482998146,125347.94138404437,115505.49608083807
2020-09-14,125202.80256449603,126076.99722451413,116249.0936950924
2020-09-15,125871.3687838774,126776.67878824071,117213.01652838504
2020-09-16,124992.53758036072,125851.97664761369,116441.87826175091
2020-09-17,124690.61102593841,125520.27614057442,115643.19934273702
2020-09-18,126995.31612507862,127978.7899444286,118975.61828069159
2020-09-21,126173.43338361045,127111.16726946954,117460.88239980313
2020-09-22,125571.9401111531,126510.78773511376,115891.06521415514
2020-09-23,126322.04724745353,127283.34340890958,116276.6343474722
2020-09-24,124495.7109425375,125378.90725947455,114156.00411422836
2020-09-25,124721.06173085861,125640.90767026508,114238.62607136773
2020-09-28,124056.30856916671,124947.38949585921,114514.03259516566
2020-09-29,125001.30418603096,125940.52517233562,114816.97977134332
2020-09-30,124899.43185398406,125847.78184129883,114431.41063802628
2020-10-09,127313.4069386531,128396.49911157586,116992.69130934673
2020-10-12,130843.14400108672,132245.87903687274,121068.7078615556
2020-10-13,131012.45260230213,132413.54519443648,121509.35829963224
2020-10-14,130337.5215492257,131682.3136237127,120848.38264251727
2020-10-15,129676.92678259681,130979.83429610946,120517.8948139598
2020-10-16,129561.64218312566,130849.25888541354,120132.32568064275
2020-10-19,128295.60589331949,129503.90462494669,119278.56545686927
2020-10-20,129255.28799790858,130534.14240157235,120104.78502826295
2020-10-21,128577.30557296376,129800.19493950802,120270.0289425417
2020-10-22,128107.39768604399,129294.30455311081,119829.37850446506
2020-10-23,126220.23040459979,127262.26687705773,118287.10197119684
2020-10-26,125853.06819451897,126848.6704096453,117295.63848552441
2020-10-27,126587.78754028132,127623.08433402318,117681.20761884145
2020-10-28,127149.13057473458,128241.46509984531,118782.83371403304
2020-10-29,128063.16648266959,129243.35428373438,119994.6224187438
2020-10-30,125791.11646962103,126765.52554392975,117488.42305218293
2020-11-02,126237.41590846868,127266.16420807746,118259.56131881704
2020-11-03,127814.83415507124,128939.7110137884,119664.13459018631
2020-11-04,127808.2155707537,128932.84541111466,120683.13872823853
2020-11-05,129092.8901475943,130324.03871072517,122776.22830910256
2020-11-06,128133.10301973902,129301.2984046065,122831.30961386213
2020-11-09,130719.0544045937,132095.47189611147,125502.75289470176
2020-11-10,129439.40690316093,130718.94481574373,124759.15528044742
2020-11-11,127576.18449933025,128711.07077700185,123464.7446185973
2020-11-12,127830.0700792362,128981.2499151905,123382.12266145795
2020-11-13,127593.10163017915,128726.42906186641,121977.54939008866
2020-11-16,128410.04204551321,129617.91029655377,123437.20396621752
2020-11-17,127354.07409438334,128494.97331837523,123189.3380947994
2020-11-18,126718.27336801682,127834.5471303351,122996.55352814088
2020-11-19,127276.17334962927,128427.9536134585,124153.26092809204
2020-11-20,127897.88127410988,129090.72007449657,124566.37071378889
2020-11-23,128723.28967801982,129991.02465617529,126163.7285518167
2020-11-24,128216.9640484667,129442.99602121714,125282.42767566344
2020-11-25,126470.99105991574,127572.58826390668,123574.90722811647
2020-11-26,126373.72123772553,127467.69678773335,123767.69179477498
2020-11-27,127200.87581077722,128368.42452449391,125723.07811374006
2020-11-30,127078.18280128762,128235.67485792046,125034.56180424531
2020-12-01,129483.5218218563,130850.0015379992,128091.57421840196
2020-12-02,129358.85215645142,130712.61191019962,127788.62704222428
2020-12-03,129894.38447577321,131273.9200698215,127733.54573746471
2020-12-04,130174.96528638908,131581.14897421908,128036.49291364239
2020-12-07,129454.2557284957,130828.38074095364,126824.70420893165
2020-12-08,129565.08307178473,130941.81256023508,126384.05377085503
2020-12-09,127739.05586034153,129010.54225498512,124731.61462806763
2020-12-10,128201.82187630243,129506.90946271466,124456.20810426974
2020-12-11,127104.8522628651,128334.94995737684,122913.9315710015
2020-12-14,127984.62153348446,129281.22366786283,124125.72027571224
2020-12-15,128411.38344476087,129738.57454297587,124538.83006140911
2020-12-16,128146.41337709312,129462.34304557915,124814.23658520699
2020-12-17,129558.83859158159,130967.81241976493,126769.62290417207
2020-12-18,128983.23159588368,130355.31855189509,125970.94398515816
2020-12-21,130688.23834171006,132204.73857103204,127210.27334224869
2020-12-22,128830.99170374435,130261.64714947881,125089.64310900489
2020-12-23,129343.36584860036,130793.82525675946,126218.80985657628
2020-12-24,128616.97380225382,130025.80820450641,126218.80985657628
2020-12-25,129606.44376676876,131074.9975520389,127375.51725652744
2020-12-28,129311.11206675365,130761.77365403927,127761.08638984451
2020-12-29,128968.60734312753,130398.72133726774,127320.43595176787
2020-12-30,130318.25679178858,131804.86192340872,129083.0377040744
2020-12-31,132633.6114575394,134245.29145735968,132084.9688134715
2021-01-04,134170.42228099494,135952.72355909782,133379.3794753216
2021-01-05,135027.84273299624,136894.41812508393,136105.9040609208
2021-01-06,135402.997857049,137269.5976530831,137455.39602753046
2021-01-07,136208.27317887187,138088.75668503312,140677.65235596587
2021-01-08,135874.6265020062,137734.14434693844,139906.51408933176
2021-01-11,134483.18494448456,136226.59922275174,138171.45298940502
2021-01-12,137336.43184861998,139287.06096101925,142577.95737017135
2021-01-13,135967.70775186984,137814.92734518702,141972.063017816
2021-01-14,134910.85907068674,136687.16135956408,139135.37582269765
2021-01-15,134792.63500618472,136554.33987958616,138667.18473224124
2021-01-18,136217.08270974475,138101.07731713617,140292.08322264883
2021-01-19,134969.1427422598,136760.6147348326,138226.5342941646
2021-01-20,136764.24352325656,138685.81214644262,139052.7538655583
2021-01-21,138771.6409186548,140877.67243226015,141641.5751892585
2021-01-22,139889.15102547838,142107.21550809804,141724.19714639787
2021-01-25,139857.76729554942,142070.74486429314,143541.880203464
2021-01-26,137139.34018198567,139138.19146685756,140237.00191788923
2021-01-27,137297.43148129917,139310.6375250345,140512.40844168715
2021-01-28,134914.91561437355,136723.89841886092,136766.87971803575
2021-01-29,133986.1452095603,135701.0680034542,135747.87557998352
2021-02-01,134880.98239047034,136668.79524721083,137482.93667991026
2021-02-02,135971.8635700212,137860.36216678948,139686.18887029344
2021-02-03,135261.6966682158,137090.7105245149,139520.9449560147
2021-02-04,134023.74235236575,135748.3416918115,139217.99777983702
2021-02-05,133707.79031253688,135425.53341856942,139438.32299887532
2021-02-09,137331.1256970546,139336.5837971373,145221.85999863117
2021-02-10,138726.86062257722,140812.2896421976,148389.03502230698
2021-02-18,138057.13340387435,140057.40053374873,147204.78696997603
2021-02-19,139023.2282781348,141089.29110045254,148086.0878461293
2021-02-22,136228.34967617906,138087.18810817867,142385.17280351283
2021-02-23,135531.76153169197,137325.19755251985,141972.063017816
2021-02-25,133245.32201250785,134841.2110781321,139328.16038935617
2021-02-26,131177.82867585443,132614.77878340223,135224.6031847675
2021-03-01,132758.8581665377,134330.62134674864,137675.72124656878
2021-03-02,131660.71592767755,133137.3889334462,135775.4162323633
2021-03-03,133252.0432395277,134871.13068662235,138667.18473224124
2021-03-04,130197.87114987952,131548.4249531356,134067.89578481636
2021-03-05,130640.34240958406,132000.8011015177,133489.54208484077
2021-03-08,127245.7132085654,128340.4737063709,128366.98074219986
2021-03-09,124794.78281857455,125714.1295691941,125585.3748518411
2021-03-10,124958.83878992745,125910.03044649797,126163.7285518167
2021-03-11,127232.03888650064,128346.91831888158,129716.47270880957
2021-03-12,127409.88529040161,128537.97213644467,130074.50118974684
2021-03-15,125117.08820704305,126058.670915068,127265.3546470083
2021-03-16,125707.16021885606,126692.69713837779,128174.19617554134
2021-03-17,126253.46606323049,127281.37710735512,128807.6311802765
2021-03-18,127027.59710747778,128118.64699119143,129909.25727546809
2021-03-19,125552.38987390282,126523.59790337317,126081.10659467733
2021-03-22,126674.67199639967,127719.40681040523,127650.92378032533
2021-03-23,126091.4998218474,127095.85460519708,126411.5944232348
2021-03-24,125230.23046418231,126175.31885943185,124318.50484237079
2021-03-25,125548.09014550573,126525.95006544044,124208.34223285162
2021-03-26,127416.74161631096,128542.75127875993,127072.57008034975
2021-03-29,127398.05803238876,128522.06153888894,127347.97660414764
2021-03-30,127957.6173404658,129133.40755938132,128559.7653088584
2021-03-31,127432.66067681112,128567.70806025914,127540.76117080619
2021-04-01,128727.61932865529,129963.13438338268,129248.28161835312
2021-04-02,129415.88951207371,130705.58314278431,130597.77358496284
2021-04-06,129072.21574839769,130339.70637694611,129826.63531832874
2021-04-07,128588.11104846602,129814.48473108932,128862.7124850361
2021-04-08,129156.21621084331,130431.66290407995,129165.65966121378
2021-04-09,128295.36007810528,129502.15489001466,127210.27334224869
2021-04-12,126067.64143953231,127077.37898437858,124896.85854234637
2021-04-13,126244.79332749522,127269.45890051921,124704.07397568783
2021-04-14,127381.16781058157,128504.76129576965,125475.21224232196
2021-04-15,127010.58052142638,128106.33204645822,124704.07397568783
2021-04-16,127524.91040267982,128670.47277601963,125144.72441376446
2021-04-19,129765.95770701808,131097.04214489847,128614.84661361798
2021-04-20,129688.58267449828,131018.83151087385,128394.52139457966
2021-04-21,130080.19935851771,131446.93277142613,128725.00922313715
2021-04-22,130373.93823319835,131765.88017286832,128614.84661361798
2021-04-23,131553.99327958925,133051.8516506382,130019.41988498726
2021-04-26,130601.55414843283,132036.81879917864,128256.81813268071
2021-04-27,131062.64576826396,132525.5568842128,128614.84661361798
2021-04-28,131990.38279810816,133527.77855249512,129661.39140405
2021-04-29,132474.15002193558,134039.75622603728,130928.2614135203
2021-04-30,132390.24191020048,133960.11025853068,129688.93205642977
2021-05-06,131064.04991033193,132464.09324549203,127843.70834698388
2021-05-07,129307.49913893137,130539.8941660085,126163.7285518167
2021-05-10,129432.22285739008,130674.8124913622,126136.1878994369
2021-05-11,129905.26544260973,131203.7551083935,126852.24486131144
2021-05-12,131104.541593276,132503.25349106628,127706.00508508491
2021-05-13,130411.80295593063,131753.2159312857,126191.26920419648
2021-05-14,133254.65116657843,134866.47279753708,129661.39140405
2021-05-17,134054.4529072524,135744.2042470573,131341.37119921716
2021-05-18,134001.30722437645,135683.0849098543,131396.45250397673
2021-05-19,133858.07118615374,135529.02405098846,131010.88337065968
2021-05-20,134466.53622004724,136192.5534758565,131396.45250397673
2021-05-21,133859.01865297122,135519.4625440213,129881.71662308832
2021-05-24,134560.25060421808,136285.57068514475,130652.85488972241
2021-05-25,137075.66579772526,139034.63389605776,135169.52188000793
2021-05-26,136974.6637465157,138927.6920815303,135197.0625323877
2021-05-27,137864.16779190273,139876.88134518673,135720.33492760372
2021-05-28,137608.4314958957,139601.2617932564,135307.22514190688
2021-05-31,138722.26457773228,140790.96725447185,135472.4690561856
2021-06-01,138984.6837186797,141087.15646193986,135692.79427522392
2021-06-02,137412.62290205492,139343.23655039453,134508.546222893
2021-06-03,136879.80987525525,138754.45286705196,133379.3794753216
2021-06-04,137721.05082103628,139684.98677461618,134288.22100385468
2021-06-07,138068.95590490923,140070.82802519892,134122.97708957593
2021-06-08,137478.39805594165,139420.429965239,132966.26968962475
2021-06-09,137281.8607327835,139202.17809644883,133186.59490866307
2021-06-10,138578.23604175012,140641.0632358041,134122.97708957593
2021-06-11,137822.00379020284,139806.74278669336,132773.48512296623
2021-06-15,136599.86891491906,138475.82172289403,131148.5866325586
2021-06-16,134353.80210164323,136054.28544525482,129193.20031359355
2021-06-17,135393.40558277039,137175.2270033192,129496.14748977125
2021-06-18,136544.62017629517,138401.12137706013,129633.8507516702
2021-06-21,137433.80489684842,139341.91801668506,129441.06618501167
2021-06-22,137989.0585202051,139949.0872633268,130157.1231468862
2021-06-23,138609.8849660295,140604.98210161162,131010.88337065968
2021-06-24,137948.15396383358,139898.27207900776,131368.91185159693
2021-06-25,139870.44698005935,141985.86711950784,133599.7046943599
2021-06-28,140486.83612412165,142636.1245383441,133847.57056577803
2021-06-29,139709.40001891207,141780.66573967016,132360.3753372694
2021-06-30,140786.62450403324,142950.25349596926,133214.13556104284
2021-07-01,139786.45991783845,141866.0214641355,133159.05425628327
2021-07-02,137034.70168857026,138890.75387824883,129275.82227073293
2021-07-05,137691.48192215935,139602.1467264676,129468.60683739145
2021-07-06,136590.36489950377,138427.9625753911,129661.39140405
2021-07-07,138361.68719409886,140336.69662178148,131121.04598017884
2021-07-08,137903.32123839087,139853.33983937404,129909.25727546809
2021-07-09,137981.2513289665,139933.75565950348,129248.28161835312
2021-07-12,140272.28736576712,142453.43034770992,131121.04598017884
2021-07-13,140426.8841979184,142614.38932677035,131561.69641825548
2021-07-14,139703.0997499472,141849.51293057678,129991.87923260746
2021-07-15,140546.219482426,142753.10865963716,131864.64359443318
2021-07-16,139335.12109382407,141476.44090655202,130460.07032306389
2021-07-19,139523.57042326735,141674.4670321409,131065.96467541928
2021-07-20,139606.574413363,141753.59600121627,130707.93619448201
2021-07-21,141233.63058455384,143468.00944094607,131782.0216372938
2021-07-22,141320.60624663802,143571.25476286476,131919.72489919275
2021-07-23,140110.84042048335,142301.03181265865,130487.61097544369
2021-07-26,137034.85446263882,139031.83146360525,125667.99680898048
2021-07-27,134109.24139043316,135893.9785816738,120903.46394727685
2021-07-28,134140.92429228252,135898.40018713186,121178.87047107477
2021-07-29,136831.09752017257,138767.35280814522,123574.90722811647
2021-07-30,136100.97875094612,137983.06556197215,122638.52504720361
2021-08-02,138446.62270862155,140508.24511706602,125970.94398515816
2021-08-03,138412.37913740514,140457.15030345254,126026.02528991773
2021-08-04,139666.60222628154,141825.47355956514,127237.8139946285
2021-08-05,138777.74587945457,140862.23963529387,126411.5944232348
2021-08-06,138338.1937434083,140401.14167409218,125970.94398515816
2021-08-09,138874.65321386736,140983.8529586541,127485.67986604659
2021-08-10,139931.6392685397,142144.88419281776,129055.49705169462
2021-08-11,139381.46255831368,141557.65780117584,128311.89943744028
2021-08-12,138864.32887584748,140991.5416849322,127430.59856128701
2021-08-13,138473.25880731593,140569.98327064345,126687.00094703269
2021-08-16,138117.29945843614,140188.17985592852,126604.37898989335
2021-08-17,135569.9711302795,137479.73424214643,123519.8259233569
2021-08-18,137398.8009997951,139420.07976980755,124979.48049948574
2021-08-19,137165.66602895092,139153.99069264918,124043.09831857287
2021-08-20,135499.20607285292,137369.18940837577,121564.43960439181
2021-08-23,136982.63248912606,138957.8725676108,123547.36657573667
2021-08-24,138499.14651557343,140559.5900838304,124979.48049948574
2021-08-25,138750.70982463035,140798.54360451322,125365.04963280278
2021-08-26,137052.64075968962,138994.133245598,123024.09418052065
2021-08-27,137114.2070484929,139061.1510379074,123382.12266145795
2021-08-30,136770.92246907623,138697.2085319127,122886.3909186217
2021-08-31,136808.00196722164,138763.56217176534,122831.30961386213
2021-09-01,137210.9428200642,139203.61146681546,124759.15528044742
2021-09-02,137350.82643064103,139400.46479865213,124648.99267092826
2021-09-03,136721.76764144885,138698.97216230552,123905.39505667392
2021-09-06,139525.19979736055,141671.21945982202,126218.80985657628
2021-09-07,140925.29506684042,143192.44057390827,127953.87095650303
2021-09-08,140725.75915598308,142995.53765409565,127375.51725652744
2021-09-09,140680.1082511634,142935.92056422762,127320.43595176787
2021-09-10,141199.06014394204,143518.6784982485,128669.92791837755
2021-09-13,140970.16441248998,143272.31996341946,127926.33030412323
2021-09-14,140440.63596315339,142639.9362002429,126108.6472470571
2021-09-15,140026.17988273565,142204.34689519566,124648.99267092826
2021-09-16,138383.9853797641,140411.90430758471,123106.71613766003
2021-09-17,139807.18253715162,141891.81461214137,124180.80158047185
2021-09-22,139756.17669207533,141808.74048220174,123271.96005193877
2021-09-23,140136.41723473315,142249.01681856305,124070.63897095267
2021-09-24,139714.90597174078,141782.4288823427,124263.42353761119
2021-09-27,138629.33648802878,140610.22339161072,125144.72441376446
2021-09-28,138733.62854874542,140735.50283406652,124896.85854234637
2021-09-29,137044.3386854771,138940.4235633996,123988.0170138133
2021-09-30,138269.86073922276,140223.4441432193,124373.58614713037
2021-10-08,138568.42776923333,140579.14435117735,126328.97246609542
2021-10-11,137706.47906014597,139681.9196290741,126301.43181371565
2021-10-12,135952.44837768338,137780.48260637742,124869.31788996657
2021-10-13,137273.23752538467,139171.02762203032,126411.5944232348
2021-10-14,136940.37394051583,138821.55637983012,125667.99680898048
2021-10-15,137228.79006082081,139145.61614138394,126328.97246609542
2021-10-18,136886.76440915838,138785.56729885336,124731.61462806763
2021-10-19,137797.8152992134,139752.51164597936,126026.02528991773
2021-10-20,137432.33523803175,139364.71943976235,125640.4561566007
2021-10-21,137324.06420563266,139255.50729027597,126246.35050895605
2021-10-22,137264.56290775473,139197.6582200799,127155.19203748912
2021-10-25,138396.96012870705,140403.24552780687,127623.38312794556
2021-10-26,138034.4190808719,140009.06843645216,127155.19203748912
2021-10-27,136581.05503257844,138448.97622422792,125337.50898042301
2021-10-28,135612.8164123323,137423.54309184686,124759.15528044742
2021-10-29,137010.52902593956,138900.25677991725,125640.4561566007
2021-11-01,136691.8507610982,138571.882769055,125199.80571852406
2021-11-02,135717.90830648315,137501.18722052398,123767.69179477498
2021-11-03,135884.85530767334,137674.8107459825,123216.8787471792
2021-11-04,136551.0578049197,138426.52758477756,124511.28940902931
2021-11-05,135973.71157591493,137784.28065325384,124043.09831857287
2021-11-08,136056.68694593015,137906.36241699688,123932.93570905372
2021-11-09,136831.65357784432,138753.00360389112,123877.85440429415
2021-11-10,136727.39203976147,138629.05056381022,123189.3380947994
2021-11-11,138080.71113985055,140134.59469475687,125392.59028518258
2021-11-12,138281.3506847386,140358.56632286237,125337.50898042301
2021-11-15,138055.68111947423,140090.69052630683,125172.26506614426
2021-11-16,137831.11156606238,139809.03021146427,125062.10245662511
2021-11-17,138393.1700136008,140438.30515491965,125034.56180424531
2021-11-18,137359.90325848467,139313.70980576053,123822.77309953458
2021-11-19,138519.11809205977,140609.70476162314,125337.50898042301
2021-11-22,139534.0547375415,141729.52706223849,125695.53746136028
2021-11-23,139539.33434344374,141740.32992978653,125778.15941849964
2021-11-24,139541.57493447658,141744.70998482805,126081.10659467733
2021-11-25,139452.649522211,141635.8289247645,125557.83419946133
2021-11-26,139125.75788235475,141270.03945165497,124401.12679951017
2021-11-29,139192.51380091545,141330.18597392426,124208.34223285162
2021-11-30,139272.10640929893,141412.76479814347,123712.6104900154
2021-12-01,139367.96721990078,141549.67138194732,124070.63897095267
2021-12-02,138835.89349535335,140957.47716955357,124346.04549475056
2021-12-03,139567.42723594175,141742.40774144843,125585.3748518411
2021-12-06,138690.49573152346,140788.0739473464,125447.67158994215
2021-12-07,138400.10305536975,140469.67134371094,126218.80985657628
2021-12-08,139918.06132409332,142117.55751823037,128201.73682792114
2021-12-09,141258.31755480252,143578.38075825243,130515.15162782346
2021-12-10,141195.8326540428,143507.68406042023,130102.04184212662
2021-12-13,141235.7159619473,143546.68861445418,130460.07032306389
2021-12-14,141016.44899881165,143309.8604570195,129606.31009929042
2021-12-15,140111.2009924619,142329.80451656404,128339.44008982008
2021-12-16,140721.89588482844,142989.73351975,129083.0377040744
2021-12-17,139495.84108727984,141657.33919473513,127072.57008034975
2021-12-20,137428.62900261278,139418.50650498125,125007.02115186551
2021-12-21,138390.97206289618,140468.12210820036,125585.3748518411
2021-12-22,138517.43007590686,140601.5071822304,125667.99680898048
2021-12-23,138661.23752915207,140751.89507347957,126714.54159941249
2021-12-24,137644.98130315857,139648.952197627,126081.10659467733
2021-12-27,137800.29922629835,139821.78916489822,126191.26920419648
2021-12-28,138518.42935376367,140604.18073808172,126907.32616607101
2021-12-29,137788.29666873373,139813.1172111185,125062.10245662511
2021-12-30,138844.97457459345,140962.86116085178,126053.56594229753
2021-12-31,139146.94202364568,141290.0222462179,126384.05377085503
2022-01-04,137908.7329694522,139954.25405916356,125888.3220280188
2022-01-05,136035.47236862403,137925.23781488097,124593.91136616869
2022-01-06,135136.3606376067,136950.2381307008,123051.63483290045
2022-01-07,134526.98461680676,136295.77330408836,123382.12266145795
2022-01-10,134804.58177390002,136599.37069923148,123740.1511423952
2022-01-11,134053.7517579307,135780.1888286476,122500.82178530467
2022-01-12,135434.78348156245,137276.03290161435,123932.93570905372
2022-01-13,134123.04615590486,135845.48032595112,121702.14286629074
2022-01-14,133771.25771531396,135458.3549905876,120490.35416158
2022-01-17,134886.86342006046,136667.93067899015,121619.5209091514
2022-01-18,134742.46242295633,136522.90346748004,122886.3909186217
2022-01-19,133725.05972010913,135421.9089124178,122170.33395674718
2022-01-20,133442.54353735852,135119.5429463498,123216.8787471792
2022-01-21,132103.5933203735,133665.40972356644,122280.49656626636
2022-01-24,132203.10912010068,133772.00187687046,122335.57787102593
2022-01-25,129371.68053717249,130690.73969913054,119416.26871876822
2022-01-26,129758.1234464465,131105.567511536,120132.32568064275
2022-01-27,127422.62860228341,128568.99902965769,117901.53283787977
2022-01-28,127026.03450545939,128115.26758283279,115946.14651891471
2022-02-07,127996.5606103977,129190.92623724965,117929.07349025957
2022-02-08,127737.79146572313,128906.59439137005,117323.17913790418
2022-02-09,128607.5742827462,129845.33901468126,118397.264580716
2022-02-10,127873.22309587682,129044.17722867828,118094.31740453832
2022-02-11,126301.24384910079,127341.72532456019,117102.85391886588
2022-02-14,125194.4835649126,126180.64841489743,115753.3619522562
2022-02-15,127080.03310947402,128220.09479847102,116910.06935220736
2022-02-16,127370.67149442274,128528.17747351044,117488.42305218293
2022-02-17,127492.1039516404,128668.02009219526,117763.82957598082
2022-02-18,127872.98051556421,129072.1937740921,118424.80523309577
2022-02-21,127926.96844467975,129123.02540138895,117956.61414263937
2022-02-22,126615.94567747376,127726.88389593492,116304.17499985197
2022-02-23,128368.82241552116,129632.16439088581,117626.12631408188
2022-02-24,126265.44935125207,127367.19883424557,115285.17086179975
2022-02-25,127751.29068102734,128985.58542293594,116249.0936950924
2022-02-28,128182.22536892448,129462.05772501955,116414.33760937114
2022-03-01,128659.64553660585,129969.91112969043,117460.88239980313
2022-03-02,127870.26383882907,129111.02745421868,116496.95956651052
2022-03-03,127199.16310243902,128386.07958744351,115698.28064749659
2022-03-04,126241.7587338532,127358.36862372867,114293.70737612734
2022-03-07,123281.8620073255,124170.2779814197,110217.69082391844
2022-03-08,120972.38006166888,121716.86419007467,107959.35732877569
2022-03-09,119484.4533565878,120138.29214422508,106857.7312335841
2022-03-10,121281.89725982424,122080.73351733178,108510.17037637149
2022-03-11,122625.03690383972,123508.37697438535,109281.3086430056
2022-03-14,120102.53522859077,120790.6889186928,105425.61730983503
2022-03-15,116163.72550881187,116580.26928104192,99945.02748625688
2022-03-16,119757.80042099851,120423.5138254187,104709.5603479605
2022-03-17,121405.76885460175,122213.53636440996,107022.97514786285
2022-03-18,121994.02661715072,122837.08100890645,107794.11341449695
2022-03-21,121999.18881094288,122851.48884208055,107628.8695002182
2022-03-22,121373.40479799088,122171.39870644207,107518.70689069905
2022-03-23,122333.4039474453,123207.69809084249,108207.2232001938
2022-03-24,122029.18413231276,122890.8393889872,107463.62558593947
2022-03-25,120394.37756040489,121127.63428835839,105342.99535269567
2022-03-28,119898.83226032322,120581.10546553772,104654.47904320092
2022-03-29,119620.19679125484,120287.57693625824,104158.74730036472
2022-03-30,122374.31317866848,123242.97539095463,107546.24754307883
2022-03-31,121483.33003344883,122285.55328569419,106692.48731930536
2022-04-01,122014.54930283842,122844.16056115636,108097.06059067464
2022-04-06,121590.19633327585,122380.22143391194,107766.57276211715
2022-04-07,119805.64009941035,120481.1451016129,106334.4588383681
2022-04-08,119910.59079709399,120573.78906545156,107105.5971050022
2022-04-11,117013.8669310079,117510.74072889463,103470.23099086997
2022-04-12,118994.38398441016,119635.0384551397,105398.07665745524
2022-04-13,117642.3015454613,118206.91773770064,104516.77578130197
2022-04-14,118596.21437917359,119201.89937180352,105728.56448601272
2022-04-15,118312.9619451466,118900.89237915266,105673.48318125315
2022-04-18,118103.07546334111,118676.28150376244,105122.67013365736
2022-04-19,117405.27160955039,117947.20272400197,104379.07251940302
2022-04-20,115418.03407776877,115867.0874112582,102451.22685281775
2022-04-21,113444.29188218442,113807.47959621847,100578.46249099205
2022-04-22,113295.88229760209,113648.15828846171,100853.86901478995
2022-04-25,108742.36689211505,108890.54273094649,95538.52310549053
2022-04-26,107564.14882559738,107637.6056747631,94712.30353409683
2022-04-27,110247.3864567025,110444.05322146488,97631.61268635455
2022-04-28,109385.74946312916,109530.50148861187,98347.66964822909
2022-04-29,112295.02362341892,112581.5247516871,101101.73488620804
2022-05-05,112179.73255289908,112457.45353337191,100688.62510051121
2022-05-06,110399.60090658313,110598.89452280354,98017.1818196716
2022-05-09,110328.6002526867,110508.19744070411,97135.88094351834
2022-05-10,111662.18588527472,111927.59968981807,98375.21030060887
2022-05-11,112896.46444812896,113256.2731953254,99889.9461814973
2022-05-12,113143.23286454276,113522.05365186428,99339.13313390152
2022-05-13,113684.11606805457,114104.9853021104,100192.89335767498
2022-05-16,112915.8156753617,113272.24516239343,99339.13313390152
2022-05-17,113624.88152084597,114035.14486341935,100688.62510051121
2022-05-18,113318.58705955405,113698.44724343721,100303.05596719414
2022-05-19,113792.97290904411,114207.49683688753,100550.92183861225
2022-05-20,115336.45820017337,115876.95614054636,102864.3366385146
2022-05-23,115402.96745520395,115943.0671477165,101983.03576236132
2022-05-24,112513.8237386099,112796.17544054938,99724.70226721857
2022-05-25,113204.06579627759,113557.2355614234,100192.89335767498
2022-05-26,113581.67622474284,113968.64346110447,100468.29988147289
2022-05-27,113696.8600610097,114093.93845263108,100743.70640527079
2022-05-30,114216.31948288076,114663.75049284029,101377.14141000595
2022-05-31,115768.97604163655,116357.8357872211,103139.74316231249
2022-06-01,115819.66933848168,116410.74038498482,102974.49924803375
2022-06-02,116345.5712012888,116945.89988248885,103277.44642421143
2022-06-06,118561.15689791592,119314.41276015836,105535.77991935419
2022-06-07,118829.36953864478,119624.54411878256,105701.02383363293
2022-06-08,119774.45159454952,120662.69678274952,106857.7312335841
2022-06-09,118361.54675021299,119188.77579896938,105921.34905267126
2022-06-10,120093.09388463607,120988.90691660943,107518.70689069905
2022-06-13,119354.63891261625,120218.61077769418,106086.59296694999
2022-06-14,120654.51490511693,121565.29027329641,107188.21906214158
2022-06-15,121389.97346401832,122352.23499621236,108537.71102875128
2022-06-16,121004.64274439188,121913.34667854292,107794.11341449695
2022-06-17,122421.77641900029,123383.7785834098,109529.1745144237
2022-06-20,122912.44540551913,123901.5576233763,110107.5282143993
2022-06-21,122474.50694001152,123438.90891761887,110052.44690963971
2022-06-22,121242.33665167673,122129.53476003028,108675.41429065022
2022-06-23,123367.3393862046,124398.82793957212,110740.96321913444
2022-06-24,124775.73660808321,125889.949035262,112062.91453336435
2022-06-27,125346.45348912993,126491.7653642483,113384.86584759426
2022-06-28,126106.2317922151,127292.93305114917,114816.97977134332
2022-06-29,124528.12008602373,125610.9293788032,113302.24389045489
2022-06-30,125803.00906483935,126964.89615150393,114679.27650944437
2022-07-01,125246.40246265466,126329.11317826758,114266.16672374753
2022-07-04,126793.26411497619,127994.09054257235,115037.30499038164
2022-07-05,126530.1909121123,127693.88129670013,114761.89846658375
2022-07-06,125352.56642061593,126438.62075233927,113136.99997617614
2022-07-07,125606.3435402962,126706.41001090064,113577.65041425278
2022-07-08,125152.41973055867,126220.65593647637,113467.48780473364
2022-07-11,123770.34582694029,124750.65550752493,111374.3982238696
2022-07-12,122310.31393736837,123247.98589015398,110382.93473819719
2022-07-13,122829.15891255908,123780.3900846574,110575.71930485571
2022-07-14,123851.76145519676,124817.7183639967,110603.25995723551
2022-07-15,122126.16584728597,122954.67869781502,108813.11755254917
2022-07-18,123305.14890474624,124244.10761770197,110079.9875620195
2022-07-19,123070.41996398842,124003.56292792858,109474.09320966413
2022-07-20,123853.3482683248,124831.76811254027,109804.5810382216
2022-07-21,123177.17093170839,124090.72957812127,108565.25168113106
2022-07-22,122620.88677501911,123507.21315136692,108647.87363827042
2022-07-25,121860.03450433932,122673.55798533601,108152.14189543422
2022-07-26,122529.16228218841,123405.52621696754,108950.82081444812
2022-07-27,122448.9345028481,123324.01352908036,108289.84515733317
2022-07-28,122550.89421170055,123450.8847763624,108372.46711447254
2022-07-29,121418.05941344312,122232.25899742896,106747.56862406494
2022-08-01,122091.40574426203,122952.03987913186,107243.30036690117
2022-08-02,119859.6857445533,120551.46400074144,105287.9140479361
2022-08-03,119085.23283345543,119711.3525681113,104048.58469084556
2022-08-04,119764.38835366533,120431.40681356154,104902.34491461904
2022-08-05,121509.79736311546,122308.27597633282,106692.48731930536
2022-08-08,121489.57705469154,122287.59420555162,106306.91818598831
2022-08-09,121607.03881852026,122416.91989376384,106499.70275264683
2022-08-10,120841.11584414696,121603.28796492843,105260.37339555631
2022-08-11,123363.4512315829,124345.78501678102,107683.9508049778
2022-08-12,122952.72119110788,123883.71191881088,107711.49145735758
2022-08-15,122789.78331647067,123733.29698705209,107436.08493355969
2022-08-16,122784.17353121375,123738.70558855067,107160.6784097618
2022-08-17,123699.05208732779,124717.28862389542,108289.84515733317
2022-08-18,123232.68145026633,124231.84528554833,107270.84101928095
2022-08-19,122124.46222912631,123056.0819696001,106444.62144788726
2022-08-22,122832.84080479003,123820.63560016111,107188.21906214158
2022-08-23,122647.47017735604,123632.6057391454,106802.64992882452
2022-08-24,120367.57806670344,121199.65457572028,104682.01969558072
2022-08-25,120918.08726781106,121770.50524612835,105673.48318125315
2022-08-26,120535.93499508263,121356.59072446261,105508.2392669744
2022-08-29,120217.56563201874,121020.36898617388,104819.72295747967
2022-08-30,120047.32368721349,120833.57508708026,104571.85708606156
2022-08-31,119270.82347289997,119988.86213642766,104571.85708606156
2022-09-01,118490.72094872422,119163.10900175395,103635.4749051487
2022-09-05,118420.50957023384,119110.6823494979,102946.95859565397
2022-09-06,119214.9410060646,119991.12131641427,103745.63751466786
2022-09-07,119374.19031890713,120160.53820518569,103965.96273370618
2022-09-08,118754.26784425041,119478.78236990221,103470.23099086997
2022-09-09,119960.9962722213,120793.43992722919,105067.58882889777
2022-09-13,119539.53812589815,120345.86569122931,105453.15796221483
2022-09-14,118497.44992424827,119202.95245025466,104186.2879527445
2022-09-15,116939.88674278902,117510.68900785866,103167.28381469227
2022-09-16,114349.80792114633,114759.15144001221,100688.62510051121
2022-09-19,113560.62641549346,113920.56516424552,100385.67792433352
2022-09-20,113844.31334980065,114228.64174471522,100440.75922909309
2022-09-21,113341.17144011444,113673.39549986226,99614.53965769941
2022-09-22,112846.28484868677,113142.54536605366,98815.8607386855
2022-09-23,112166.19330759838,112412.41888541573,98595.5355196472
2022-09-26,111493.4082545703,111714.8950992379,97907.01921015244
2022-09-27,113344.60689892143,113702.97454389225,99284.05182914193
2022-09-28,111750.05087886676,111988.61906646262,97741.77529587371
2022-09-29,111998.21385097626,112268.10420597054,97769.3159482535
2022-09-30,111069.48089826814,111256.31511678852,97053.25898637896
2022-10-10,109329.55941389993,109389.36661719183,94877.54744837557
2022-10-11,109645.47599129364,109731.6470240144,94794.92549123621
2022-10-12,111582.4342732821,111763.22113318428,96502.44593878317
2022-10-13,111912.73824684789,112130.25241438176,95593.6044102501
2022-10-14,115184.49096450786,115609.48442229934,98017.1818196716
2022-10-17,115508.48962096762,115954.34708986756,97989.6411672918
2022-10-18,115731.83274968801,116196.76104460389,97796.85660063328
2022-10-19,114784.70479012343,115200.46722693577,96171.95811022569
2022-10-20,114669.12748667708,115070.5132192478,95841.47028166821
2022-10-21,114469.6443590199,114856.34161401415,95235.57592931285
2022-10-24,112746.82812019825,113051.59983975491,92536.59199609344
2022-10-25,111689.03478308348,111945.83845310028,92095.94155801681
2022-10-26,113755.05548964642,114113.55917551786,92867.07982465092
2022-10-27,113086.32608145683,113407.38478030082,92151.0228627764
2022-10-28,110656.81894222164,110846.72107187641,89782.52675811447
2022-10-31,110754.94352896832,110955.0406922688,88708.44131530268
2022-11-01,113379.56441971024,113706.09233467467,92509.05134371365
2022-11-02,114189.87677102881,114610.3763817937,93445.43352462651
2022-11-03,114085.02697515563,114502.95862400181,92619.21395323281
2022-11-04,116505.44674560889,117119.15072695888,96116.87680546612
2022-11-07,116343.04023350839,116943.5557440875,96116.87680546612
2022-11-08,115854.80600667639,116409.23925154313,95483.44180073096
2022-11-09,115216.17208637913,115714.44624861277,94381.81570553937
2022-11-10,114723.44866828041,115172.917001115,93803.46200556378
2022-11-11,116030.94481904738,116584.39718268438,96502.44593878317
2022-11-14,116197.6898817559,116764.22372773022,96557.52724354275
2022-11-15,118106.13210944251,118865.20334409307,98623.07617202698
2022-11-16,117389.10394652559,118085.5340130987,97824.39725301307
2022-11-17,117304.11276429977,117989.1741462652,97356.20616255666
2022-11-18,116985.31447404744,117653.35316523426,96998.17768161937
2022-11-21,116527.7459013805,117175.27993183234,96089.33615308632
2022-11-22,115569.07728432295,116123.23795978428,96034.25484832675
2022-11-23,115253.4389925178,115776.90145640014,96116.87680546612
2022-11-24,115159.05991446384,115680.24576392981,95621.14506262989
2022-11-25,114922.07564279826,115406.97557263168,96199.49876260548
2022-11-28,114069.861108433,114497.72499835258,94960.16940551494
2022-11-29,116152.26285874004,116721.84108969067,98154.88508157055
2022-11-30,116015.28400978091,116570.62342437735,98237.50703870993
2022-12-01,116990.80163345295,117598.32297729432,99476.83639580046
2022-12-02,116805.9042199742,117378.95493653789,98843.40139106529
2022-12-05,117853.03971449273,118508.67982563833,100798.78771003037
2022-12-06,117818.10287767727,118469.43138733512,101432.22271476552
2022-12-07,117768.48123991906,118413.34599457034,101101.73488620804
2022-12-08,117649.78237054627,118285.14585684921,101349.60075762616
2022-12-09,118152.32194147108,118822.44409031114,102285.982938539
2022-12-12,117421.84469131597,118033.93830218143,101129.27553858784
2022-12-13,116828.6821492865,117401.45373195087,100826.32836241016
2022-12-14,116693.64835765744,117259.66696280122,101101.73488620804
2022-12-15,116813.53898616295,117384.8262023131,101046.65358144847
2022-12-16,116425.60676445381,116967.494840906,101156.81619096763
2022-12-19,114660.52659248387,115072.70850203045,99559.45835293984
2022-12-20,113573.9481954958,113912.04783803843,97824.39725301307
2022-12-21,113393.01078924653,113717.00870729084,97741.77529587371
2022-12-22,113167.43840567443,113472.67712878258,97962.10051491202
2022-12-23,113201.11392797137,113505.27402851771,97686.69399111412
2022-12-26,113817.96008491592,114167.35384843018,97934.55986253223
2022-12-27,114842.47916745873,115262.84977725265,99228.97052438236
2022-12-28,114455.87773731627,114846.53200634738,98870.94204344509
2022-12-29,114567.93141206025,114965.31118691589,98540.4542148876
2022-12-30,114764.34276484646,115172.91659419253,98981.10465296423
2023-01-03,115279.41172349721,115765.95847469609,99284.05182914193
2023-01-04,115277.38867027021,115762.75490404827,99421.75509104088
2023-01-05,116900.61482224218,117562.14117976045,101487.30401952511
2023-01-06,117104.63502871814,117791.65078114701,101927.95445760175
2023-01-09,117692.18275437404,118427.4258455388,102616.47076709649
2023-01-10,118178.82372889211,118953.55274663695,102781.71468137523
2023-01-11,117626.55636487404,118355.46924473986,102781.71468137523
2023-01-12,117813.44393519216,118558.43794104933,102946.95859565397
2023-01-13,119180.56967581493,120023.59686654939,104654.47904320092
2023-01-16,120962.90048083718,121935.17062635743,106389.54014312767
2023-01-17,121113.57047716413,122096.5805187177,106279.37753360852
2023-01-18,120974.05100808518,121953.66011488828,106031.51166219042
2023-01-19,122205.17198181467,123277.66330973385,106802.64992882452
2023-01-20,122458.67166677688,123539.74119063592,107436.08493355969
2023-01-30,122581.82376457991,123662.39566316523,108097.06059067464
2023-01-31,121841.68290951161,122885.08345736565,106830.19058120431
2023-02-01,123152.78649400445,124356.14022629155,107683.9508049778
2023-02-02,122935.8381561234,124154.83581205092,107408.5442811799
2023-02-03,122220.91053278884,123372.7263241121,106224.29622884895
2023-02-06,121168.70613209941,122227.85044172779,104654.47904320092
2023-02-07,121260.88126069328,122326.51544134165,104929.88556699883
2023-02-08,120748.56521518425,121772.53241090923,104461.6944765424
2023-02-09,122167.54786852741,123315.71224833817,105948.88970505104
2023-02-10,121630.77410546708,122731.99997685874,105287.9140479361
2023-02-13,122349.77692065793,123515.19487941638,106169.21492408936
2023-02-14,122399.13979013034,123569.5827027866,106417.08079550747
2023-02-15,121680.82729016253,122780.89772238096,105645.94252887335
2023-02-16,120775.72671434745,121797.96409158141,104847.26360985945
2023-02-17,119467.3880421692,120374.13221760764,103249.90577183165
2023-02-20,121246.04821268927,122300.49581026885,106141.67427170958
2023-02-21,121279.72074252082,122330.63300903738,106279.37753360852
2023-02-22,120791.80534148458,121800.0601455838,105177.75143841693
2023-02-23,120782.27035655425,121784.7593037231,105177.75143841693
2023-02-24,120040.66078186763,120981.5116244428,104103.66599560513
2023-02-27,119340.45230045868,120220.71430975922,103690.55620990829
2023-02-28,120013.76697860804,120954.17571289412,104406.61317178281
2023-03-01,120734.37959808164,121726.86465894809,105756.10513839251
2023-03-02,120239.65222587806,121187.44122633165,105618.40187649356
2023-03-03,120450.18537762327,121414.37086613134,105866.26774791167
2023-03-06,120244.04837959251,121188.68015302095,105177.75143841693
2023-03-07,118617.58620650787,119434.69441814622,103607.93425276892
2023-03-08,118551.57401306265,119362.19250597284,103167.28381469227
2023-03-09,118368.52853974373,119159.39035444877,102891.8772908944
2023-03-10,117560.27576771623,118302.36572350666,101377.14141000595
2023-03-13,117805.42649613715,118556.51837959104,102588.9301147167
2023-03-14,117231.51821915753,117944.16578063784,101900.41380522196
2023-03-15,117289.48910212354,117999.86936675198,101872.87315284216
2023-03-16,116287.63433550527,116929.85740033184,100606.00314337184
2023-03-17,116514.17743240383,117161.42536012124,101184.35684334741
2023-03-20,116006.22219781512,116609.9302439785,100578.46249099205
2023-03-21,117359.4091044416,118076.9040233293,101762.710543323
2023-03-22,117556.9315509308,118282.51472148433,102258.44228615922
2023-03-23,118136.34742407335,118904.3318237596,103304.98707659122
2023-03-24,118209.34581457073,118983.0493627438,103167.28381469227
2023-03-27,118642.40328825677,119467.57236431098,102588.9301147167
2023-03-28,118171.30430629858,118958.16877639992,102368.60489567838
2023-03-29,117822.52675364855,118577.79651922842,102368.60489567838
2023-03-30,118347.68269311456,119143.72793819365,103552.85294800933
2023-03-31,118611.02199278376,119416.82262161835,103828.25947180724
2023-04-03,119727.28632509272,120672.42835031924,104654.47904320092
2023-04-04,119727.62573215377,120670.34611385323,105205.29209079672
2023-04-06,119756.95496186931,120710.0356703828,104874.80426223924
2023-04-07,120780.52449097554,121843.25060936081,105673.48318125315
2023-04-10,120370.03001420213,121413.49749325588,105260.37339555631
2023-04-11,120365.35717659381,121407.24802169364,104984.9668717584
2023-04-12,120390.92798372485,121434.53991893868,104874.80426223924
2023-04-13,120037.57126828478,121062.40577565195,104186.2879527445
2023-04-14,120386.35299953778,121432.68189428197,104764.64165272008
2023-04-17,121149.07169205397,122246.80509447334,106444.62144788726
2023-04-18,120799.9188486268,121875.64460431886,106637.40601454578
2023-04-19,120054.07241584743,121080.81278643195,105728.56448601272
2023-04-20,119617.15233124432,120616.21604343106,105287.9140479361
2023-04-21,117502.52017902488,118367.37500087993,103277.44642421143
2023-04-24,116339.32758369058,117128.77010214003,101872.87315284216
2023-04-25,115250.54810250271,115973.53981795433,101349.60075762616
2023-04-26,115587.90382415717,116325.09740149573,101101.73488620804
2023-04-27,116156.54246460738,116930.44662944159,102065.6577195007
2023-04-28,117168.14673529768,118005.21099547176,103139.74316231249
2023-05-04,116995.72939030718,117823.56415176102,103139.74316231249
2023-05-05,116506.81948476422,117291.94555501288,102699.09272423586
2023-05-08,117229.33823790876,118042.93753674939,103938.4220813264
2023-05-09,116498.00543410747,117244.04734757586,102974.49924803375
2023-05-10,116167.96581831925,116901.1737035977,102120.73902426027
2023-05-11,116242.88797772805,116988.12788690493,101983.03576236132
2023-05-12,115266.88269702045,115941.13432021924,100578.46249099205
2023-05-15,116560.81247573029,117343.80499489827,102313.52359091879
2023-05-16,116087.385052406,116839.7119418615,101845.33250046238
2023-05-17,115890.6419385355,116621.14830066025,101101.73488620804
2023-05-18,115758.2204817128,116470.38879671808,101074.19423382825
2023-05-19,115732.0361411565,116448.70105204778,100908.95031954953
2023-05-22,115836.61695334416,116567.2819367377,101459.76336714532
2023-05-23,114860.50045022974,115520.28234823377,99889.9461814973
2023-05-24,114185.45157323987,114796.42681187106,98430.29160536845
2023-05-25,114029.30739550221,114624.4981266314,98182.42573395034
2023-05-26,114169.13208690946,114766.21645382099,98320.12899584929
2023-05-29,113743.29238382418,114307.42287914678,97879.47855777264
2023-05-30,113904.7394012567,114474.00245846853,97989.6411672918
2023-05-31,113365.90030420873,113887.32018464386,96998.17768161937
2023-06-01,113697.75914646595,114247.9616856128,97218.5029006577
2023-06-02,114506.16302468716,115130.60008089726,98678.15747678657
2023-06-05,113997.29418830306,114581.5571901969,98182.42573395034
2023-06-06,112528.77813652068,112989.08072684733,97163.42159589812
2023-06-07,112152.18649066295,112580.64077395761,96832.93376734064
2023-06-08,112267.5609558158,112701.971347185,97714.23464349392
2023-06-09,112768.6139630388,113248.52399446443,98154.88508157055
2023-06-12,112845.4688026788,113332.33964245398,98265.04769108971
2023-06-13,113276.62158222291,113797.54128316016,99063.72661010361
2023-06-14,113326.31317383113,113853.28105281218,99063.72661010361
2023-06-15,114781.91018418214,115423.43838857979,100853.86901478995
2023-06-16,115446.05669857202,116136.25664260826,101872.87315284216
2023-06-19,115102.07991339597,115761.14318771887,101046.65358144847
2023-06-20,114933.21804190126,115573.08828102183,100853.86901478995
2023-06-21,113185.28140138829,113680.62606795935,99339.13313390152
2023-06-26,111893.13173798438,112289.07266792997,98127.34442919077
2023-06-27,112463.7356242641,112907.67257784342,98843.40139106529
2023-06-28,112303.26987637248,112730.60676186935,99063.72661010361
2023-06-29,112181.0555861081,112597.4947514143,98567.9948672674
2023-06-30,113285.67605342947,113785.58409366666,99201.42987200255
2023-07-03,113768.08283060948,114322.4912178539,100440.75922909309
2023-07-04,113977.17118163737,114544.94914493732,100633.54379575163
2023-07-05,113351.46603470092,113853.32623949804,99889.9461814973
2023-07-06,112800.89261485475,113238.31200102501,99118.8079148632
2023-07-07,112551.94170750596,112965.90295821668,98815.8607386855
2023-07-10,112936.82050903255,113399.82541617373,99256.51117676214
2023-07-11,113519.9518106196,114030.94557233543,99972.56813863666
2023-07-12,112725.72971352414,113166.09721836711,99449.29574342068
2023-07-13,114092.49911598941,114660.24183519254,101184.35684334741
2023-07-14,113866.715115087,114410.83705357775,101129.27553858784
2023-07-17,113296.69720257694,113780.54747981345,100358.13727195373
2023-07-18,113224.23338865569,113696.6666875597,100192.89335767498
2023-07-19,113064.8506549503,113515.23420353411,100137.81205291541
2023-07-20,112309.73524426967,112705.35588962909,99366.6737862813
2023-07-21,112555.39449413664,112986.83255649779,99421.75509104088
2023-07-24,112314.16823613943,112730.98467724677,98953.56400058445
2023-07-25,114480.29462275069,115037.44285252647,102038.1170671209
2023-07-26,114355.69517903819,114918.90342526177,101790.2511957028
2023-07-27,113937.09463312701,114466.04484253458,101680.08858618364
2023-07-28,116221.37113387288,116981.28116128442,104323.99121464344
2023-07-31,116470.9997524779,117263.91145970917,104764.64165272008
2023-08-01,116237.93835757907,117008.62977417032,104268.90990988386
2023-08-02,115861.4400105018,116591.15102988263,103470.23099086997
2023-08-03,117012.06523863145,117805.85419878279,104461.6944765424
2023-08-04,117462.15510187074,118276.35745529059,105040.04817651799
2023-08-07,116632.43024040695,117397.44410420518,104186.2879527445
2023-08-08,116306.80635311392,117046.01484737018,103773.17816704765
2023-08-09,116145.48031432278,116888.08454442478,103552.85294800933
2023-08-10,116551.55639750307,117294.7932437048,103690.55620990829
2023-08-11,114486.51568053711,115130.08886553292,101074.19423382825
2023-08-14,114160.09113179514,114786.90883281681,100330.59661957393
2023-08-15,113938.12627080292,114548.0733100145,100220.43401005477
2023-08-16,113470.27028357873,114055.99500751786,99394.21443866109
2023-08-17,113869.73272298643,114478.6102090792,99752.24291959836
2023-08-18,112490.5825915036,113020.91474496957,98375.21030060887
2023-08-21,111161.31479862754,111622.17743742149,96943.0963768598
2023-08-22,111612.24790480436,112094.1186013999,97576.53138159498
2023-08-23,109932.98890638383,110320.97234964916,96061.79550070653
2023-08-24,110775.36994623751,111216.0698383665,96695.2305054417
2023-08-25,110124.64664770672,110526.44612596165,96502.44593878317
2023-08-28,111124.6684919922,111580.2701835534,97962.10051491202
2023-08-29,112502.44887184979,113038.73985217934,98567.9948672674
2023-08-30,112237.33432276566,112762.12447363485,98540.4542148876
2023-08-31,111643.98501413644,112135.88818095133,98017.1818196716
2023-09-01,111649.84510202889,112139.03174928318,98650.61682440677
2023-09-04,112692.82364393347,113266.58311821478,100247.97466243457
2023-09-05,112099.7887152355,112625.78522937033,99504.37704818025
2023-09-06,111766.1556558078,112271.28074199538,99228.97052438236
2023-09-07,110484.75232013596,110883.12960817579,97769.3159482535
2023-09-08,110499.572121643,110897.44860921829,97190.96224827791
2023-09-11,111563.69416045479,112048.6029737567,97962.10051491202
2023-09-12,111287.29946329392,111757.639077779,97824.39725301307
2023-09-13,110360.84193204985,110770.72101329146,97135.88094351834
2023-09-14,110278.01818082063,110685.00638437517,97053.25898637896
2023-09-15,110400.11936251326,110816.80455561477,96585.06789592255
2023-09-18,110730.34064645687,111172.11626701902,96943.0963768598
2023-09-19,110380.44465878063,110799.37880687845,96805.39311496085
2023-09-20,109781.69292416965,110155.80203481867,96309.66137212464
2023-09-21,109029.9678279788,109345.23770235687,95345.73853883201
2023-09-22,110781.26374843773,111216.27954918156,97411.28746731623
2023-09-25,110227.14278447487,110638.32575015411,96640.14920068212
2023-09-26,109898.8871211006,110284.21471298068,96061.79550070653
2023-09-27,110559.3058368838,111004.75276919351,96337.20202450444
2023-09-28,110471.43908571787,110907.4049995196,95951.63289118737
2023-10-09,110003.04017633543,110397.3636395791,95676.22636738948
2023-10-10,109480.46354146356,109820.40037579807,94932.62875313516
2023-10-11,110036.70773396057,110433.43242761673,95152.95397217348
2023-10-12,110673.98227271711,111138.68122013487,96144.4174578459
2023-10-13,110168.36618804911,110573.67473909546,95180.49462455326
2023-10-16,109174.91645157599,109477.75647454272,93996.2465722223
2023-10-17,109387.03145046515,109716.03891978672,94326.73440077978
2023-10-18,108428.6113466225,108665.68157739917,93555.59613414566
2023-10-19,107472.93343854605,107603.94298835921,91434.96590090185
2023-10-20,106884.92992675115,106960.42140278903,90939.23415806565
2023-10-23,105311.25994889437,105263.47341229478,89892.68936763363
2023-10-24,106286.01323502402,106290.67567875041,90030.3926295326
2023-10-25,106258.23651308414,106250.62778565021,90581.20567712838
2023-10-26,106640.67534548335,106671.9241999696,90939.23415806565
2023-10-27,108270.87858640154,108461.37202375567,92426.42938657428
2023-10-30,109309.49649369062,109603.10311162022,92867.07982465092
2023-10-31,109031.77843698222,109296.70655253415,92646.7546056126
2023-11-01,108737.98877135485,108979.78231307612,92591.67330085303
2023-11-02,108030.54725349377,108232.54400743553,92123.48221039661
2023-11-03,108942.80766676094,109195.92059424672,92894.62047703072
2023-11-06,110985.01431220322,111356.7020786022,94216.57179126062
2023-11-07,110916.76983316049,111293.6208025496,93913.62461508294
2023-11-08,110936.41804796552,111306.16305659816,93610.67743890524
2023-11-09,110577.25950975805,110924.56924119785,93693.29939604462
2023-11-10,110278.98777993402,110609.08650302798,92949.7017817903
2023-11-13,110299.41760531417,110630.17231375905,92811.99851989135
2023-11-14,110676.82832279465,111041.19676902295,92811.99851989135
2023-11-15,111079.26951626463,111468.41469314041,93500.51482938608
2023-11-16,110016.94158861168,110337.67642578861,92509.05134371365
2023-11-17,110389.321631063,110733.35700106499,92371.3480818147
2023-11-20,110741.7148061975,111103.61893355394,92674.2952579924
2023-11-21,110449.07683832779,110787.24621141437,92811.99851989135
2023-11-22,109445.04411777221,109708.76476961315,91737.91307707955
2023-11-23,109938.66683813556,110242.82151104207,92261.18547229556
2023-11-24,109167.10297391617,109407.76623756978,91572.66916280081
2023-11-27,108715.20581610865,108923.05118869578,90911.69350568586
2023-11-28,109144.15563788009,109378.73935584954,91021.85611520502
2023-11-29,108503.60911602873,108692.98494416608,90278.25850095069
2023-11-30,108493.5615563497,108678.0414983369,90388.42111046985
2023-12-01,108815.72881333904,109047.39290829557,90002.8519771528
2023-12-04,107996.1478431078,108138.29804608917,89341.87632003785
2023-12-05,106656.14534279873,106682.05428427184,87524.19326297172
2023-12-06,106828.6758016096,106871.59521201313,87661.89652487067
2023-12-07,106795.67389726244,106832.13019657522,87414.03065345256
2023-12-08,106956.42242431066,107015.40558857839,87606.8152201111
2023-12-11,107796.97434358926,107926.03003773453,88267.79087722604
2023-12-12,107651.41423037207,107761.50877571997,88488.11609626436
2023-12-13,106584.42170219286,106597.34966466951,86890.75825823656
2023-12-14,106236.82055917791,106218.10338033934,86450.10782015992
2023-12-15,105837.22807138525,105784.62397805584,86257.3232535014
2023-12-18,105228.51191236786,105128.8299565359,85871.75412018434
2023-12-19,105123.02168125115,105013.7417421014,85926.83542494391
2023-12-20,104046.25161601687,103851.25448729825,85073.07520117043
2023-12-21,104495.79484312882,104346.97243388803,85926.83542494391
2023-12-22,104150.26339153096,103971.41009207243,86092.07933922265
2023-12-25,104194.42049140326,104025.88146610456,86339.94521064076
2023-12-26,103324.50565453655,103080.54243577262,85789.13216304497
2023-12-27,103666.54337251115,103450.42021848392,86064.53868684286
2023-12-28,105654.54970241828,105621.71676731472,88377.9534867452
2023-12-29,106067.6704315352,106060.71229654922,88653.3600105431
2024-01-02,105077.22372282209,104982.91358865582,87386.49000107277
2024-01-03,104757.22101457295,104639.67898481029,87111.08347727486
2024-01-04,103954.00172147268,103786.08864645407,86284.86390588118
2024-01-05,102968.28693942554,102735.25540246903,85816.67281542477
2024-01-08,101493.19169359785,101149.12990121961,84522.26215357464
2024-01-09,101575.82019559768,101237.85081225338,84742.58737261296
2024-01-10,101347.03892946854,100986.13030187276,84301.93693453632
2024-01-11,102363.89534515084,102074.75038273339,84825.20932975232
2024-01-12,101729.5655579565,101402.67445875685,84522.26215357464
2024-01-15,101474.6891632081,101131.72974885064,84412.09954405548
2024-01-16,101752.75032779087,101424.83405391886,85017.99389641086
2024-01-17,99806.70568290433,99348.33006349482,82952.44496792663
2024-01-18,100386.28702312757,99954.99566161403,84191.77432501716
2024-01-19,99897.1955948301,99424.06429288008,84384.5588916757
2024-01-22,97278.92281788892,96614.64342460386,82484.25387747021
2024-01-23,98235.57004201,97640.37215460319,83090.14822982557
2024-01-24,99655.86764728685,99157.30597895909,84494.72150119486
2024-01-25,100997.93297040198,100600.53421846089,86036.99803446307
2024-01-26,99887.72972365728,99437.26739788403,85871.75412018434
2024-01-29,98302.89571518694,97751.98843081226,85045.53454879065
2024-01-30,96849.01108563846,96195.39875402585,83503.25801552243
2024-01-31,95546.24018791101,94793.43641473763,82924.90431554684
2024-02-01,95586.17118277062,94821.88665241502,82814.74170602768
2024-02-02,93697.88889350295,92845.301151338,81988.52213463398
2024-02-05,92831.81185650635,91893.06009292611,82539.33518222978
2024-02-06,97264.08778959882,96513.10002444396,85376.02237734813
2024-02-07,99608.40681710154,98977.83605817475,86174.70129636202
2024-02-08,100469.10998801072,99894.01813300875,86780.5956487174
2024-02-19,100327.1133276034,99741.48200441962,87524.19326297172
2024-02-20,100654.92725117553,100099.82749279373,87854.6810915292
2024-02-21,101213.28314134323,100701.06427560178,89176.6324057591
2024-02-22,101762.34956148233,101299.95286668597,89892.68936763363
2024-02-23,102021.36675050453,101582.51668155308,89975.311324773
2024-02-26,101853.65870954678,101401.09267377158,89011.38849148038
2024-02-27,103331.51972778793,103010.52556634319,90140.55523905174
2024-02-28,101497.4477940632,101013.55000567969,89149.09175337931
2024-02-29,103585.23982016374,103285.6600470881,90663.82763426774
2024-03-01,104063.60582089149,103837.66071563054,91407.42524852206
2024-03-04,104209.47778723214,103994.59646107651,91324.8032913827
2024-03-05,103896.96764688,103652.58753316353,92123.48221039661
2024-03-06,103844.84385174462,103599.8019903412,91737.91307707955
2024-03-07,102444.17807804659,102091.94986433926,91214.64068186354
2024-03-08,102961.91676481586,102633.21780045345,91490.04720566144
2024-03-11,104865.17558336607,104658.79400981913,92811.99851989135
2024-03-12,105244.81570865103,105075.6147180701,92949.7017817903
2024-03-13,104774.1102975548,104572.05575624335,92371.3480818147
2024-03-14,104459.05348658933,104245.08925771444,92013.31960087745
2024-03-15,104899.02516319227,104698.00699024345,92261.18547229556
2024-03-18,106199.00732346102,106074.92093488877,93114.94569606903
2024-03-19,105286.43937789489,105108.2605799202,92481.51069133387
2024-03-20,105469.00793523359,105297.1118230896,92564.13264847324
2024-03-21,105232.35566905826,105037.57619525671,92509.05134371365
2024-03-22,104060.38025358635,103791.5966795837,91655.29111994017
2024-03-25,102741.82562690493,102401.06794955776,91132.01872472418
2024-03-26,102664.65167277724,102312.08556415737,91434.96590090185
2024-03-27,101053.34161072008,100613.97251606571,90388.42111046985
2024-03-28,101689.48937783543,101278.15544844528,90856.61220092628
2024-03-29,102190.91279048577,101798.52102316462,91297.2626390029
2024-04-01,103734.09245469677,103497.42442490702,92894.62047703072
2024-04-02,103232.9182642628,102940.30101548243,92564.13264847324
2024-04-03,102834.1312064839,102505.64339219827,92178.56351515619
2024-04-08,101444.52761540217,101001.64996014391,91379.88459614228
2024-04-09,102132.68577466006,101748.1321518092,91214.64068186354
2024-04-10,100920.87322214487,100458.07201063077,90498.58371998901
2024-04-11,100829.79220950173,100348.23765330421,90415.96176284963
2024-04-12,100092.210352698,99559.78942047569,89644.82349621553
2024-04-15,100860.86084748097,100352.70510488763,91655.29111994017
2024-04-16,99110.0312209459,98511.88460648154,90773.9902437869
2024-04-17,100818.05684036529,100290.60288739475,92040.86025325724
2024-04-18,100916.30266068444,100406.50818496506,92206.10416753597
2024-04-19,100167.37726834492,99608.61420307473,91434.96590090185
2024-04-22,100156.24366570864,99627.90089706113,91242.18133424333
2024-04-23,99910.59129676817,99397.84296267887,90553.66502474858
2024-04-24,100474.42686375519,99970.04336678889,90939.23415806565
2024-04-25,100523.2069836602,100030.35570753584,91214.64068186354
2024-04-26,102708.4573255993,102370.67418341798,92591.67330085303
2024-04-29,104434.24504770887,104199.11439425038,93775.92135318398
2024-04-30,103615.43150708388,103318.87639279454,93280.18961034778
2024-05-06,105035.50133128079,104856.3970895842,94657.22222933725
2024-05-07,105032.73608205233,104841.69061733327,94712.30353409683
2024-05-08,104022.15713282985,103730.17814141215,93913.62461508294
2024-05-09,105121.72784868535,104929.4335187204,94877.54744837557
2024-05-10,104822.81105614861,104609.58848407536,94932.62875313516
2024-05-13,104431.08304851007,104190.88215469051,94850.00679599578
2024-05-14,104637.13491581258,104418.56024531613,94684.76288171705
2024-05-15,103553.09268128763,103235.54742358458,93968.70591984251
2024-05-16,103553.53356767539,103238.94901813386,94299.1937484
2024-05-17,104436.73785110116,104194.69178813085,95428.36049597137
2024-05-20,104699.37687508512,104482.89319587615,95648.68571500968
2024-05-21,104095.8044460765,103821.17292820416,95318.19788645221
2024-05-22,104290.04337655955,104029.15669872213,95538.52310549053
2024-05-23,103044.74650063258,102652.44201958709,94519.51896743831
2024-05-24,102105.14642183954,101609.02857288429,93390.35221986694
2024-05-27,102644.7757523159,102204.3505506505,94216.57179126062
2024-05-28,101914.60336042324,101394.93479518215,93583.13678652546
2024-05-29,101972.78545691118,101460.31174956274,93610.67743890524
2024-05-30,101910.62026888672,101391.33506314395,93225.10830558819
2024-05-31,101807.79587760843,101275.22197499592,92839.53917227114
2024-06-03,101330.6711918025,100756.03854298973,92977.24243417008
2024-06-04,102159.10729402064,101638.95002102143,93665.75874366482
2024-06-05,101657.7833714136,101108.46312152216,93307.73026272756
2024-06-06,100863.15817712847,100257.64606919752,93307.73026272756
2024-06-07,100394.355969991,99755.73893227191,92674.2952579924
2024-06-11,100563.6845535867,99938.5112938499,91985.77894849765
2024-06-12,100634.55931436436,100017.29839035698,91875.61633897849
2024-06-13,100266.35595862292,99620.03168949825,91517.58785804122
2024-06-14,100730.40458226134,100112.04278922093,92068.40090563703
2024-06-17,100586.02680209717,99952.8019689822,91792.99438183913
2024-06-18,100879.29231898024,100258.03042212529,92095.94155801681
2024-06-19,100060.94493053749,99382.22074827882,91820.53503421892
2024-06-20,99119.89464358296,98379.71135650911,91187.10002948376
2024-06-21,99081.53130636831,98339.63273773661,91021.85611520502
2024-06-24,97888.5462689135,97073.97309437169,90553.66502474858
2024-06-25,97106.49721858118,96239.2704087603,89975.311324773
2024-06-26,98332.85232131038,97547.50937563628,90553.66502474858
2024-06-27,97230.3709293964,96371.94076929944,90030.3926295326
2024-06-28,96827.47153867637,95930.1584568472,90223.17719619111
2024-07-01,97157.02317495851,96275.1014900915,90608.74632950817
2024-07-02,96608.22727184696,95689.40490584445,90471.04306760922
2024-07-03,96227.6194500582,95283.3678890415,90305.79915333047
2024-07-04,95183.72382202678,94177.83067785655,89892.68936763363
2024-07-05,95719.9204189326,94742.45986751947,89424.4982771772
2024-07-08,94266.01943911435,93208.53526871612,88763.52262006226
2024-07-09,95364.00401119303,94377.97636184607,89782.52675811447
2024-07-10,95210.12709836932,94210.07921753294,89562.20153907615
2024-07-11,96793.30601323466,95881.66471799086,90829.07154854649
2024-07-12,96702.6628895289,95782.33767817619,91104.47807234438
2024-07-15,96140.02252268785,95182.78983407342,91297.2626390029
2024-07-16,96584.02816446986,95659.29189245246,91985.77894849765
2024-07-17,96804.47630017337,95872.37190701051,92123.48221039661
2024-07-18,97356.27332348889,96461.86196867758,92701.83591037219
2024-07-19,97605.66466054734,96724.92254545816,93335.27091510735
2024-07-22,97670.58496583207,96786.73812798398,92536.59199609344
2024-07-23,95663.56924571501,94632.75298369191,90608.74632950817
2024-07-24,94832.4268887225,93740.92547165768,90002.8519771528
2024-07-25,94957.7872857841,93863.61769906731,89452.038929557
2024-07-26,95731.4898830608,94697.363835744,89865.14871525385
2024-07-29,95036.62503414023,93958.53682568538,89314.33566765804
2024-07-30,94995.28425476333,93913.4771156757,88680.9006629229
2024-07-31,97981.48328030144,97104.00441198758,90801.5308961667
2024-08-01,97329.63958733232,96362.67262184186,90113.01458667195
2024-08-02,96571.64887108933,95504.10161274196,89121.55110099952
2024-08-05,95498.49743774303,94353.38361375462,88047.46565818772
2024-08-06,96224.53499038253,95113.99534021408,88047.46565818772
2024-08-07,95943.90191666217,94819.36481541913,87854.6810915292
2024-08-08,95988.37804689682,94866.97884901459,87964.84370104836
2024-08-09,95279.27229148718,94114.6543160378,87634.35587249088
2024-08-12,95252.0526130878,94084.47680248032,87524.19326297172
2024-08-13,95514.39212006405,94364.12035067816,87661.89652487067
2024-08-14,94685.64096683556,93480.35707529556,87000.92086775572
2024-08-15,95295.07852337789,94136.30407746634,88047.46565818772
2024-08-16,95003.24883924016,93827.71502865784,88102.5469629473
2024-08-19,94930.94305647256,93756.49867498041,88350.41283436542
2024-08-20,94043.51395016944,92812.75373564902,87909.76239628879
2024-08-21,93645.75757779274,92388.70175277376,87496.65261059193
2024-08-22,92873.008877739,91570.19729396483,87248.78673917383
2024-08-23,92962.59797909597,91660.3265915573,87634.35587249088
2024-08-26,92889.29285091948,91584.43798665034,87661.89652487067
2024-08-27,92343.98882687336,91007.68703796607,87193.70543441424
2024-08-28,92348.96221648698,91013.03434866061,86642.89238681845
2024-08-29,93008.12744968389,91710.23569887716,86367.48586302056
2024-08-30,94344.78345163172,93121.76977092723,87606.8152201111
2024-09-02,92564.69925318038,91248.81147459378,85954.3760773237
2024-09-03,93150.1474739263,91866.42943613809,86284.86390588118
2024-09-04,93106.67782225348,91816.35153100066,85706.51020590561
2024-09-05,93572.95445474196,92304.52356455167,85899.29477256413
2024-09-06,92758.3303252579,91438.31188375133,85128.15650593002
2024-09-09,92443.1265392058,91101.12527863441,83998.98975835863
2024-09-10,92383.97596356928,91040.81135582391,83998.98975835863
2024-09-11,92534.46592920994,91199.82609909742,83806.20519170011
2024-09-12,92284.83455166819,90936.1983554775,83503.25801552243
2024-09-13,91741.6510216518,90358.53676408672,83090.14822982557
2024-09-18,91693.26293873395,90310.64800559744,83365.55475362348
2024-09-19,92619.09238685973,91285.49363702028,84109.15236787779
2024-09-20,92335.40039424275,90986.34684782298,84357.01823929591
2024-09-23,92238.28877797656,90887.01022116434,84604.88411071402
2024-09-24,95600.28848158313,94466.72726343035,88570.73805340374
2024-09-25,96473.33149807589,95397.04296554976,89865.14871525385
2024-09-26,100234.34185356605,99433.8370123788,94436.89701029894
2024-09-27,106586.39384509608,106293.5673433163,100743.70640527079
2024-09-30,116097.83536664797,116401.68929980695,110768.50387151424
2024-10-08,124601.46569615637,125114.04205442581,115698.28064749659
2024-10-09,116063.1804447148,116021.7833930764,104957.42621937861
2024-10-10,114544.42853444917,114357.41994446972,106720.02797168515
2024-10-11,111303.21638313321,111003.83491637399,103718.09686228808
2024-10-14,113041.05339306992,112812.81743998324,105453.15796221483
2024-10-15,110516.76081495178,110193.28891502629,102451.22685281775
2024-10-16,110009.82177777709,109672.97529193872,101762.710543323
2024-10-17,109444.89398868283,109092.73742025316,100578.46249099205
2024-10-18,114152.27964046902,113835.50390564953,104792.18230509988
2024-10-21,114252.73354813698,113928.52893079112,104792.18230509988
2024-10-22,114898.1231144314,114587.60113253462,105453.15796221483
2024-10-23,114920.64975026959,114619.08392613618,105866.26774791167
2024-10-24,114072.55382793248,113764.94315058796,104654.47904320092
2024-10-25,115898.2164307835,115588.62348612123,105453.15796221483
2024-10-28,116443.81062626113,116149.58646245154,105618.40187649356
2024-10-29,114997.11541080038,114703.19854701158,104709.5603479605
2024-10-30,114560.87113322061,114270.30271391732,103552.85294800933
2024-10-31,115384.21245136138,115112.13600082604,103552.85294800933
2024-11-01,114144.61702291992,113827.6163682204,103773.17816704765
2024-11-04,116151.39393332148,115892.90199439015,105232.83274317652
2024-11-05,119620.84141168716,119404.14830935225,108124.60124305444
2024-11-06,119264.53556948094,119032.96822838491,107408.5442811799
2024-11-07,122936.28793236129,122766.67181118773,111181.61365721108
2024-11-08,121896.73315919953,121705.62203180455,109694.41842870244
2024-11-11,123403.7242738578,123221.73281164223,110272.77212867801
2024-11-12,122677.62213691193,122512.26169404108,109005.9021192077
2024-11-13,122532.16403744355,122351.57935214785,109721.95908108223
2024-11-14,119994.23353545598,119775.92253843995,107766.57276211715
2024-11-15,117366.78322970936,117114.94990852303,105866.26774791167
2024-11-18,115902.91539866768,115647.55761955862,105398.07665745524
2024-11-19,117597.75995058182,117345.77616677548,105948.88970505104
2024-11-20,118442.97004779168,118198.75938948363,106224.29622884895
2024-11-21,118474.9698343555,118218.63035746932,106361.99949074788
2024-11-22,114837.42640684503,114523.05140201181,103057.12120517313
2024-11-25,114581.04996365408,114252.68119394494,102451.22685281775
2024-11-26,114041.28122285806,113715.10670611764,102230.90163377943
2024-11-27,115947.29515518973,115644.16257287201,103993.50338608597
2024-11-28,115087.83041238772,114765.94801765526,103194.82446707206
2024-11-29,116731.02447764034,116428.72129990814,104379.07251940302
2024-12-02,118056.175871573,117840.63142384622,105205.29209079672
2024-12-03,117898.5143321701,117680.19581074762,105315.45470031588
2024-12-04,116853.97875575336,116584.27223086593,104737.10100034029
2024-12-05,117290.2826550556,117012.97960662366,104544.31643368176
2024-12-06,118832.89630012342,118667.91627560079,105921.34905267126
2024-12-09,118353.3121118104,118183.9660958186,105838.72709553188
2024-12-10,119070.5078800521,118932.72617501265,106692.48731930536
2024-12-11,119353.79869220199,119201.63664913399,106417.08079550747
2024-12-12,120337.06404016056,120247.18117243866,107573.78819545863
2024-12-13,118099.89760393447,117867.2211514615,104902.34491461904
2024-12-16,116924.56462825763,116633.40650325928,104241.36925750408
2024-12-17,116298.62808840067,116016.47532682103,104544.31643368176
2024-12-18,116611.38912619013,116339.39275687384,105012.5075241382
2024-12-19,116634.89493341722,116355.6808747368,105177.75143841693
2024-12-20,116842.28001676228,116544.36383864087,104847.26360985945
2024-12-23,115673.01217361348,115369.44435380754,104957.42621937861
2024-12-24,116738.5539770652,116479.59895473196,106251.83688122874
2024-12-25,116176.49725708179,115902.98125145148,106334.4588383681
2024-12-26,116474.94976600698,116193.11642965714,106361.99949074788
2024-12-27,116653.894114337,116378.73771220077,106196.75557646915
2024-12-30,116750.64557358898,116482.00190467294,106720.02797168515
2024-12-31,114209.30825440118,113807.91512794212,104957.42621937861
